Iteration,Timestamp,flow_rate,base_concentration,Voltage,substrate_concentration,acid_concentration,Measurement #,Value
0,2026-03-03 14:30:41,0.6293222586507398,223.3406982596526,2.302482313179857,168.00202157392891,174.980440738813,1,38.4410515
0,2026-03-03 14:30:41,0.6293222586507398,223.3406982596526,2.302482313179857,168.00202157392891,174.980440738813,2,38.4410515
0,2026-03-03 14:30:41,0.6293222586507398,223.3406982596526,2.302482313179857,168.00202157392891,174.980440738813,3,43.8221931
0,2026-03-03 14:30:41,0.6293222586507398,223.3406982596526,2.302482313179857,168.00202157392891,174.980440738813,4,45.2475166
0,2026-03-03 14:30:41,0.6293222586507398,223.3406982596526,2.302482313179857,168.00202157392891,174.980440738813,5,45.3795891
0,2026-03-03 18:22:11,0.6293222586507398,223.3406982596526,2.302482313179857,168.00202157392891,174.980440738813,1,43.8980904
0,2026-03-03 18:22:11,0.6293222586507398,223.3406982596526,2.302482313179857,168.00202157392891,174.980440738813,2,46.6571159
0,2026-03-03 18:22:11,0.6293222586507398,223.3406982596526,2.302482313179857,168.00202157392891,174.980440738813,3,48.2975082
0,2026-03-03 18:22:11,0.6293222586507398,223.3406982596526,2.302482313179857,168.00202157392891,174.980440738813,4,48.6347313
0,2026-03-03 18:31:28,0.6746644987925333,387.7156167306574,2.4927460458504025,171.71156106775456,432.03648838176076,1,57.1753922
0,2026-03-03 18:31:28,0.6746644987925333,387.7156167306574,2.4927460458504025,171.71156106775456,432.03648838176076,2,58.7211227
0,2026-03-03 18:31:28,0.6746644987925333,387.7156167306574,2.4927460458504025,171.71156106775456,432.03648838176076,3,60.009613
0,2026-03-03 18:40:05,0.7542057667278441,90.92985097421075,2.9448207328256872,60.98620254490682,274.3493076272716,1,1.58716166
0,2026-03-03 18:40:05,0.7542057667278441,90.92985097421075,2.9448207328256872,60.98620254490682,274.3493076272716,2,1.25733852
0,2026-03-03 18:40:05,0.7542057667278441,90.92985097421075,2.9448207328256872,60.98620254490682,274.3493076272716,3,1.7040875
0,2026-03-03 18:51:17,0.5621833727027856,166.42057732416413,2.8307535072420786,131.60133049291053,70.92380552871438,1,46.1944275
0,2026-03-03 18:51:17,0.5621833727027856,166.42057732416413,2.8307535072420786,131.60133049291053,70.92380552871438,2,51.5599976
0,2026-03-03 18:51:17,0.5621833727027856,166.42057732416413,2.8307535072420786,131.60133049291053,70.92380552871438,3,53.7922516
0,2026-03-03 18:51:17,0.5621833727027856,166.42057732416413,2.8307535072420786,131.60133049291053,70.92380552871438,4,55.6449013
0,2026-03-03 18:51:17,0.5621833727027856,166.42057732416413,2.8307535072420786,131.60133049291053,70.92380552871438,5,57.0165672
0,2026-03-03 19:00:00,0.742179419238127,313.2623434475175,2.5598477191557736,73.29655703616913,319.0062640583228,1,35.4043159
0,2026-03-03 19:00:00,0.742179419238127,313.2623434475175,2.5598477191557736,73.29655703616913,319.0062640583228,2,35.1069984
0,2026-03-03 19:00:00,0.742179419238127,313.2623434475175,2.5598477191557736,73.29655703616913,319.0062640583228,3,33.231144
0,2026-03-04 13:06:25,0.881879435023923,425.3265858016186,2.7007314456293017,149.81153614223535,338.52092009873274,1,60.9428596
0,2026-03-04 13:06:25,0.881879435023923,425.3265858016186,2.7007314456293017,149.81153614223535,338.52092009873274,2,63.8405609
0,2026-03-04 13:06:25,0.881879435023923,425.3265858016186,2.7007314456293017,149.81153614223535,338.52092009873274,3,64.9217072
0,2026-03-04 13:17:23,0.5324574525067137,342.4467631339168,2.1278022106600814,109.54722675058355,220.71569677519878,1,33.7239151
0,2026-03-04 13:17:23,0.5324574525067137,342.4467631339168,2.1278022106600814,109.54722675058355,220.71569677519878,2,34.3415642
0,2026-03-04 13:17:23,0.5324574525067137,342.4467631339168,2.1278022106600814,109.54722675058355,220.71569677519878,3,34.4539452
0,2026-03-04 13:24:42,0.9835101627675678,478.913496845206,2.0703033465698892,199.7686712214744,368.81686725403245,1,20.3790588
0,2026-03-04 13:24:42,0.9835101627675678,478.913496845206,2.0703033465698892,199.7686712214744,368.81686725403245,2,21.0506096
0,2026-03-04 13:24:42,0.9835101627675678,478.913496845206,2.0703033465698892,199.7686712214744,368.81686725403245,3,21.7988987
0,2026-03-04 13:32:45,0.8381451509519764,99.72408721532318,2.6633769773069265,114.32342368231859,119.99577695619936,1,51.0424347
0,2026-03-04 13:32:45,0.8381451509519764,99.72408721532318,2.6633769773069265,114.32342368231859,119.99577695619936,2,52.6610413
0,2026-03-04 13:32:45,0.8381451509519764,99.72408721532318,2.6633769773069265,114.32342368231859,119.99577695619936,3,52.2527847
0,2026-03-04 13:40:48,0.9029054240860723,247.93486280156932,2.2981805947542537,91.00630246156874,491.0926904143576,1,29.4302921
0,2026-03-04 13:40:48,0.9029054240860723,247.93486280156932,2.2981805947542537,91.00630246156874,491.0926904143576,2,30.7338562
0,2026-03-04 13:40:48,0.9029054240860723,247.93486280156932,2.2981805947542537,91.00630246156874,491.0926904143576,3,32.0134163
0,2026-03-04 13:40:48,0.9029054240860723,247.93486280156932,2.2981805947542537,91.00630246156874,491.0926904143576,4,32.6852722
0,2026-03-04 13:52:16,0.5,50.0,3.0,200.0,50.0,1,79.538353
0,2026-03-04 13:52:16,0.5,50.0,3.0,200.0,50.0,2,79.6914444
0,2026-03-04 13:52:16,0.5,50.0,3.0,200.0,50.0,3,79.9205856
0,2026-03-04 14:03:44,0.5,488.542962739254,2.5418110595658905,95.59691096939719,50.0,1,50.2336159
0,2026-03-04 14:03:44,0.5,488.542962739254,2.5418110595658905,95.59691096939719,50.0,2,49.0810509
0,2026-03-04 14:03:44,0.5,488.542962739254,2.5418110595658905,95.59691096939719,50.0,3,49.9944229
0,2026-03-04 14:15:13,0.5,50.0,2.4364215204348056,50.0,50.0,1,19.0718803
0,2026-03-04 14:15:13,0.5,50.0,2.4364215204348056,50.0,50.0,2,18.6991177
0,2026-03-04 14:15:13,0.5,50.0,2.4364215204348056,50.0,50.0,3,18.6640987
0,2026-03-04 14:27:21,0.5,50.0,2.51798167222236,109.64879336784563,500.0,1,2.19237614
0,2026-03-04 14:27:21,0.5,50.0,2.51798167222236,109.64879336784563,500.0,2,1.9811424
0,2026-03-04 14:27:21,0.5,50.0,2.51798167222236,109.64879336784563,500.0,3,0.539920986
0,2026-03-04 14:27:21,0.5,50.0,2.51798167222236,109.64879336784563,500.0,4,-0.0929116011
0,2026-03-04 14:27:21,0.5,50.0,2.51798167222236,109.64879336784563,500.0,5,1.00671053
0,2026-03-04 14:35:17,0.8582692374454095,491.90780857121314,2.8401156569448216,97.03410426633411,50.0,1,41.7776642
0,2026-03-04 14:35:17,0.8582692374454095,491.90780857121314,2.8401156569448216,97.03410426633411,50.0,2,43.8575211
0,2026-03-04 14:35:17,0.8582692374454095,491.90780857121314,2.8401156569448216,97.03410426633411,50.0,3,44.1249237
0,2026-03-04 14:45:56,0.5537435495966914,483.239850391088,2.4716368762537275,112.88089284361833,50.0,1,44.7044258
0,2026-03-04 14:45:56,0.5537435495966914,483.239850391088,2.4716368762537275,112.88089284361833,50.0,2,45.3322182
0,2026-03-04 14:45:56,0.5537435495966914,483.239850391088,2.4716368762537275,112.88089284361833,50.0,3,46.7928734
0,2026-03-04 14:54:21,0.8354849517357106,488.21904186252124,2.0695175682904883,132.13767589546498,52.769860114968694,1,23.5500011
0,2026-03-04 14:54:21,0.8354849517357106,488.21904186252124,2.0695175682904883,132.13767589546498,52.769860114968694,2,25.5519047
0,2026-03-04 14:54:21,0.8354849517357106,488.21904186252124,2.0695175682904883,132.13767589546498,52.769860114968694,3,25.8621445
0,2026-03-04 14:54:21,0.8354849517357106,488.21904186252124,2.0695175682904883,132.13767589546498,52.769860114968694,4,25.2204113
0,2026-03-04 15:07:29,0.5,77.33780990319879,2.6265902713404157,50.0,50.888412336674,1,19.0241203
0,2026-03-04 15:07:29,0.5,77.33780990319879,2.6265902713404157,50.0,50.888412336674,2,19.087307
0,2026-03-04 15:07:29,0.5,77.33780990319879,2.6265902713404157,50.0,50.888412336674,3,20.5414963
0,2026-03-04 15:07:29,0.5,77.33780990319879,2.6265902713404157,50.0,50.888412336674,4,21.2423267
0,2026-03-04 15:07:29,0.5,77.33780990319879,2.6265902713404157,50.0,50.888412336674,5,24.002285
0,2026-03-04 15:07:29,0.5,77.33780990319879,2.6265902713404157,50.0,50.888412336674,6,26.4467335
0,2026-03-04 15:07:29,0.5,77.33780990319879,2.6265902713404157,50.0,50.888412336674,7,27.5546589
0,2026-03-04 15:07:29,0.5,77.33780990319879,2.6265902713404157,50.0,50.888412336674,8,27.301693
0,2026-03-04 15:14:48,0.9839064249929013,492.4291993439225,2.5954524864201463,71.92062423937125,73.52165264063126,1,38.1479187
0,2026-03-04 15:14:48,0.9839064249929013,492.4291993439225,2.5954524864201463,71.92062423937125,73.52165264063126,2,40.179493
0,2026-03-04 15:14:48,0.9839064249929013,492.4291993439225,2.5954524864201463,71.92062423937125,73.52165264063126,3,40.610199
